"id","job_key","customer_id","artisan_id","request_type_id","location_id","address","service_type","schedule","description","status","created_at","updated_at","contact_person_name","contact_person_phone"
"4","FUN/JOB/IND/00000004","13","","","2","","individual","2022-07-21 10:21:00","","accepted","2022-05-07T07:44:20.000000Z","2022-10-31T06:35:34.000000Z","",""
"44","FUN/JOB/IND/00000021","2","","","18","","individual","2022-06-25 22:41:15","Come and burn the building","pending","2022-06-04T18:41:29.000000Z","2022-10-31T06:35:34.000000Z","",""
"45","FUN/JOB/IND/00000022","41","","","15","","individual","2022-06-08 09:13:33","broken pipe 2","pending","2022-06-07T03:13:48.000000Z","2022-10-31T06:35:34.000000Z","",""
"46","FUN/JOB/IND/00000023","41","","","12","","individual","2022-06-02 00:00:00","plumbing","pending","2022-06-07T03:14:45.000000Z","2022-10-31T06:35:34.000000Z","",""
"47","FUN/JOB/IND/00000024","41","","","10","","individual","2022-06-01 09:15:23","plumbing fixes","pending","2022-06-07T03:15:41.000000Z","2022-10-31T06:35:34.000000Z","",""
"48","FUN/JOB/IND/00000025","41","","","52","","individual","2022-06-27 09:26:57","Job at Utawala","pending","2022-06-07T03:27:19.000000Z","2022-10-31T06:35:34.000000Z","",""
"49","FUN/JOB/IND/00000026","55","182","","83","","individual","2022-06-08 08:49:18","Quia quis quia in si","accepted","2022-06-07T04:49:47.000000Z","2022-10-31T06:35:34.000000Z","",""
"50","FUN/JOB/IND/00000027","41","","","20","","individual","2022-06-28 14:34:39","parklands job","pending","2022-06-07T08:35:01.000000Z","2022-10-31T06:35:35.000000Z","",""
"59","FUN/JOB/IND/00000036","2","","","8","2 tayo shonubi crescent","individual","2022-06-15 15:09:16","Broken pipes","pending","2022-06-13T11:25:26.000000Z","2022-10-31T06:35:35.000000Z","",""
"60","FUN/JOB/IND/00000037","2","","","83","2 tayo shonubi crescent","individual","2022-06-15 15:29:44","Burn burn","pending","2022-06-13T11:31:03.000000Z","2022-10-31T06:35:35.000000Z","",""
"61","FUN/JOB/IND/00000038","2","","","11","Dolor laboriosam so","individual","2022-06-15 21:23:37","Officiis numquam ea","pending","2022-06-15T17:23:46.000000Z","2022-10-31T06:35:35.000000Z","",""
"62","FUN/JOB/IND/00000039","2","","","8","Aut ut reprehenderit","individual","2022-06-16 22:10:26","Facilis impedit iru","pending","2022-06-16T18:10:34.000000Z","2022-10-31T06:35:35.000000Z","",""
"69","FUN/JOB/IND/00000046","2","","","16","Consectetur pariatur","individual","2022-06-19 20:55:25","Quam fugit quis dol","pending","2022-06-18T16:55:34.000000Z","2022-10-31T06:35:35.000000Z","",""
"70","FUN/JOB/IND/00000047","2","","","14","Eligendi sapiente et","individual","2022-06-30 01:07:02","I want to dance","pending","2022-06-20T21:08:03.000000Z","2022-10-31T06:35:35.000000Z","",""
"71","FUN/JOB/IND/00000048","2","","","11","2, Yaho","individual","2022-07-30 01:07:02","I want to bambam","pending","2022-06-20T21:08:03.000000Z","2022-10-31T06:35:35.000000Z","",""
"72","FUN/JOB/IND/00000049","2","","","13","Eligendi sapiente et","individual","2022-06-30 01:11:21","kk","pending","2022-06-20T21:12:30.000000Z","2022-10-31T06:35:35.000000Z","",""
"82","FUN/JOB/IND/00000059","2","","","14","Qui fugiat dolores n","individual","2022-06-30 14:18:13","this is it","pending","2022-06-27T11:01:49.000000Z","2022-10-31T06:35:35.000000Z","",""
"88","FUN/JOB/BUS/00000002","2","66","","12","Et excepturi alias v","business","2022-07-13 22:40:10","Eiusmod minus dicta","accepted","2022-07-13T18:40:24.000000Z","2022-10-31T06:35:35.000000Z","",""
"89","FUN/JOB/BUS/00000003","2","","","8","Voluptas saepe labor","business","2022-07-13 22:49:16","Qui amet et quibusd","pending","2022-07-13T18:49:41.000000Z","2022-10-31T06:35:35.000000Z","",""
"90","FUN/JOB/BUS/00000004","2","","","10","Ipsum magnam ad ips","business","2022-07-13 22:49:16","Voluptates esse ea","pending","2022-07-13T18:49:41.000000Z","2022-10-31T06:35:35.000000Z","",""
"92","FUN/JOB/BUS/00000005","93","395","","15","Quidem qui consectet","business","2022-07-15 21:06:18","Impedit magnam qui","accepted","2022-07-15T17:06:43.000000Z","2023-04-19T15:58:25.000000Z","",""
"93","FUN/JOB/BUS/00000006","93","","","14","Quia consequatur la","business","2022-07-15 21:06:18","Asperiores sequi err","cancel","2022-07-15T17:06:43.000000Z","2022-10-31T06:35:35.000000Z","",""
"94","FUN/JOB/IND/00000065","93","","","7","Reprehenderit ea non","individual","2022-07-22 11:10:57","Minim sequi exercita","pending","2022-07-16T07:11:15.000000Z","2022-10-31T06:35:35.000000Z","",""
"96","FUN/JOB/BUS/00000007","107","","","7","48495","business","2022-07-28 08:16:47","Hairdressing for a wedding","pending","2022-07-28T02:17:34.000000Z","2022-10-31T06:35:35.000000Z","",""
"97","FUN/JOB/BUS/00000008","107","","","7","48495","business","2022-07-28 08:17:51","Wiring for my chain of apartments","pending","2022-07-28T02:18:11.000000Z","2022-10-31T06:35:35.000000Z","",""
"98","FUN/JOB/BUS/00000009","107","","","7","48495","business","2022-07-28 08:18:17","Wiring for my apartment","accepted","2022-07-28T02:19:21.000000Z","2022-10-31T06:35:35.000000Z","",""
"101","FUN/JOB/IND/00000068","107","","","7","Reata Apartments","individual","2022-08-21 13:09:41","Fix sink","pending","2022-08-20T07:11:24.000000Z","2022-10-31T06:35:35.000000Z","",""
"102","FUN/JOB/IND/00000069","107","","","8","kkk adress","individual","2022-08-21 14:54:14","job fix","pending","2022-08-20T08:54:51.000000Z","2022-10-31T06:35:35.000000Z","",""
"103","FUN/JOB/IND/00000070","107","","","15","kkk adress","individual","2022-08-22 14:54:14","fix electricty","pending","2022-08-20T08:54:51.000000Z","2022-10-31T06:35:35.000000Z","",""
"114","FUN/JOB/IND/00000077","93","","","6","Ikorodu, Lagos","individual","2022-08-26 17:29:17","I want an electrician","pending","2022-08-25T13:31:03.000000Z","2022-10-31T06:35:35.000000Z","",""
"115","FUN/JOB/IND/00000078","93","66","","3","Omnis nihil occaecat","individual","2022-08-26 17:32:27","Numquam qui eveniet","accepted","2022-08-25T13:33:16.000000Z","2022-10-31T06:35:35.000000Z","",""
"116","FUN/JOB/IND/00000079","93","66","","3","Quidem duis voluptas","individual","2022-08-26 17:52:26","Dolor nostrum rerum","accepted","2022-08-25T13:54:08.000000Z","2022-10-31T06:35:35.000000Z","",""
"122","FUN/JOB/BUS/00000016","93","","","9","Et provident cupidi","business","2022-08-30 17:56:38","Vitae dolorum fugit","pending","2022-08-28T13:56:52.000000Z","2022-10-31T06:35:35.000000Z","",""
"123","FUN/JOB/BUS/00000017","93","","","17","In vel mollit volupt","business","2022-08-28 17:57:41","In quia dignissimos","pending","2022-08-28T13:58:24.000000Z","2022-10-31T06:35:35.000000Z","",""
"124","FUN/JOB/BUS/00000018","93","","","18","Recusandae Nisi acc","business","2022-08-28 18:00:06","Ipsam corporis ut qu","pending","2022-08-28T14:00:18.000000Z","2022-10-31T06:35:35.000000Z","",""
"125","FUN/JOB/BUS/00000019","93","","","15","Voluptas odit dolore","business","2022-08-28 18:06:34","Cupiditate aut volup","pending","2022-08-28T14:06:47.000000Z","2022-10-31T06:35:35.000000Z","",""
"126","FUN/JOB/BUS/00000020","93","","","19","Qui ut duis ullam ad","business","2022-08-28 18:09:05","Iure nostrum quo lab","cancel","2022-08-28T14:09:59.000000Z","2022-10-31T06:35:35.000000Z","",""
"134","FUN/JOB/IND/00000086","107","186","","9","kkk adress","individual","2022-09-01 14:10:27","I need an electrician to do my wiring for my new house","accepted","2022-09-01T08:53:41.000000Z","2022-10-31T06:35:35.000000Z","",""
"138","FUN/JOB/IND/00000090","107","","","9","Reata Apartments","individual","2022-09-01 16:28:11","Electrical fixes","cancel","2022-09-01T10:29:08.000000Z","2022-10-31T06:35:35.000000Z","",""
"139","FUN/JOB/IND/00000091","107","186","","9","Reata Apartments","individual","2022-09-01 16:31:34","Electrical fixes in my apartments","accepted","2022-09-01T10:31:57.000000Z","2022-10-31T06:35:35.000000Z","",""
"140","FUN/JOB/IND/00000092","93","","","8","Explicabo Qui iure","individual","2022-09-09 14:34:10","Quam deserunt offici","pending","2022-09-01T10:35:14.000000Z","2022-10-31T06:35:35.000000Z","",""
"141","FUN/JOB/IND/00000093","107","186","","9","kkk adress 12","individual","2022-09-01 16:35:29","job description","accepted","2022-09-01T10:36:01.000000Z","2022-10-31T06:35:35.000000Z","",""
"142","FUN/JOB/IND/00000094","93","395","","5","Id eaque sunt est e","individual","2022-09-01 14:35:38","Fugit enim porro qu","accepted","2022-09-01T10:36:19.000000Z","2022-11-30T11:01:57.000000Z","",""
"143","FUN/JOB/IND/00000095","107","186","","9","Reata Apartments","individual","2022-09-01 16:43:57","Bug fixes testing","accepted","2022-09-01T10:44:30.000000Z","2022-10-31T06:35:35.000000Z","",""
"144","FUN/JOB/IND/00000096","107","186","","9","Reata Apartments","individual","2022-09-01 16:47:42","testing image","completed","2022-09-01T10:48:29.000000Z","2022-10-31T06:35:35.000000Z","",""
"145","FUN/JOB/IND/00000097","107","186","","9","Reata Apartments","individual","2022-09-01 17:34:17","job request","accepted","2022-09-01T11:34:32.000000Z","2022-10-31T06:35:35.000000Z","",""
"146","FUN/JOB/IND/00000098","107","186","","9","Reata Apartments","individual","2022-09-01 17:34:56","job test now","accepted","2022-09-01T11:35:10.000000Z","2022-10-31T06:35:35.000000Z","",""
"147","FUN/JOB/BUS/00000026","93","","","16","Do sunt assumenda ve","business","2022-09-01 21:56:47","Magni unde consequat","pending","2022-09-01T17:59:56.000000Z","2022-10-31T06:35:35.000000Z","Mufutau Townsend","2547000001000"
"148","FUN/JOB/BUS/00000027","93","","","15","Eu vel dolore animi","business","2022-09-01 22:03:34","At suscipit voluptat","pending","2022-09-01T18:03:44.000000Z","2022-10-31T06:35:35.000000Z","Violet Fox","254701637634"
"149","FUN/JOB/BUS/00000028","93","","","12","Assumenda excepteur","business","2022-09-01 22:06:45","Sit voluptatum itaqu","pending","2022-09-01T18:07:11.000000Z","2022-10-31T06:35:35.000000Z","Julie Sloan","254701699232"
"150","FUN/JOB/BUS/00000029","93","","","12","Hic id ab tenetur fu","business","2022-09-01 22:07:29","Culpa eum quos ullam","pending","2022-09-01T18:07:41.000000Z","2022-10-31T06:35:35.000000Z","Yardley Vega","254701856612"
"151","FUN/JOB/BUS/00000030","93","","","15","Et anim id nisi veli","business","2022-09-01 22:07:44","Consectetur laborum","pending","2022-09-01T18:08:58.000000Z","2022-10-31T06:35:35.000000Z","Nolan Oneil","254701266772"
"152","FUN/JOB/BUS/00000031","93","","","15","Sequi laborum Nulla","business","2022-09-01 22:11:18","Iusto quam quos in i","pending","2022-09-01T18:12:02.000000Z","2022-10-31T06:35:35.000000Z","Tana Whitaker","254789030604"
"153","FUN/JOB/IND/00000099","93","","","13","Quos eaque qui conse","individual","2022-09-01 22:55:14","Molestiae perspiciat
Molestiae perspiciat
Molestiae perspiciat
Molestiae perspiciat
Molestiae perspiciat
Molestiae perspiciat
Molestiae perspiciat","pending","2022-09-01T18:55:37.000000Z","2022-10-31T06:35:35.000000Z","",""
"154","FUN/JOB/IND/00000100","107","","","8","Reata Apartments","individual","2022-09-02 08:35:38","Job Desdcriptions","pending","2022-09-02T02:35:50.000000Z","2022-10-31T06:35:35.000000Z","",""
"169","FUN/JOB/IND/00000114","188","","","9","Kk address","individual","2022-09-16 17:15:33","Job description","cancel","2022-09-02T11:26:20.000000Z","2022-10-31T06:35:36.000000Z","",""
"170","FUN/JOB/BUS/00000033","188","","","7","Kk address","business","2022-09-08 17:27:43","Job description","pending","2022-09-02T11:28:32.000000Z","2022-10-31T06:35:36.000000Z","Alex Fundis","254712345678"
"171","FUN/JOB/BUS/00000034","188","","","7","Kk address","business","2022-09-08 17:27:43","Job description","pending","2022-09-02T11:28:33.000000Z","2022-10-31T06:35:36.000000Z","Alex Fundis","254712345678"
"172","FUN/JOB/BUS/00000035","188","","","5","Kk address","business","2022-09-09 17:29:44","Job description","cancel","2022-09-02T11:30:50.000000Z","2022-10-31T06:35:36.000000Z","Ivy Nzioka","254789456123"
"173","FUN/JOB/IND/00000115","188","","","7","Reata Apartements","individual","2022-09-12 17:33:21","Job Description","pending","2022-09-02T11:35:17.000000Z","2022-10-31T06:35:36.000000Z","",""
"174","FUN/JOB/IND/00000116","188","","","8","Nabo Apartments","individual","2022-09-12 17:33:21","Contractor for a 6 month project","pending","2022-09-02T11:35:17.000000Z","2022-10-31T06:35:36.000000Z","",""
"175","FUN/JOB/IND/00000117","107","","","9","Reata Apartments","individual","2022-09-07 11:37:55","Testing Cellulant payments","pending","2022-09-07T05:38:13.000000Z","2022-10-31T06:35:36.000000Z","",""
"176","FUN/JOB/IND/00000118","107","","","65","Reata Apartments","individual","2022-09-07 11:50:09","job","pending","2022-09-07T05:50:26.000000Z","2022-10-31T06:35:36.000000Z","",""
"177","FUN/JOB/IND/00000119","107","186","","9","Reata Apartments","individual","2022-09-07 11:55:31","payment test: card","accepted","2022-09-07T05:55:45.000000Z","2022-10-31T06:35:36.000000Z","",""
"178","FUN/JOB/IND/00000120","107","186","","9","Reata Apartments","individual","2022-09-07 11:56:01","payments test: mobile money","accepted","2022-09-07T05:56:21.000000Z","2022-10-31T06:35:36.000000Z","",""
"179","FUN/JOB/IND/00000121","189","","","65","379-90100","individual","2022-09-07 17:38:42","I need a plumber","pending","2022-09-07T11:39:51.000000Z","2022-10-31T06:35:36.000000Z","",""
"180","FUN/JOB/BUS/00000036","93","","","9","Labore nesciunt dol","business","2022-09-08 18:21:47","Tenetur vero tenetur","pending","2022-09-07T14:21:55.000000Z","2022-10-31T06:35:36.000000Z","Jarrod Ruiz","254701729938"
"181","FUN/JOB/BUS/00000037","107","186","","9","48495","business","2022-09-08 18:26:31","job request for testing","completed","2022-09-08T12:29:06.000000Z","2022-10-31T06:35:36.000000Z","Ivy Nzioka","254789030604"
"182","FUN/JOB/IND/00000122","107","","","9","Reata Apartments","individual","2022-09-09 10:42:52","job stuff testing mobile money","pending","2022-09-09T04:57:50.000000Z","2022-10-31T06:35:36.000000Z","",""
"183","FUN/JOB/IND/00000123","205","","","9","Reata Apartments","individual","2022-09-11 12:01:41","My toilet sink needs to be fixed","pending","2022-09-11T06:02:04.000000Z","2022-10-31T06:35:36.000000Z","",""
"184","FUN/JOB/IND/00000124","206","","","9","Reata Apartments","individual","2022-09-11 12:04:09","I need to fix my toilet","pending","2022-09-11T06:04:26.000000Z","2022-10-31T06:35:36.000000Z","",""
"185","FUN/JOB/IND/00000125","206","","","9","Reata Apartments","individual","2022-09-11 12:09:38","job request","pending","2022-09-11T06:09:51.000000Z","2022-10-31T06:35:36.000000Z","",""
"192","FUN/JOB/IND/00000132","93","","","7","Praesentium doloremq","individual","2022-09-17 11:38:25","Doloribus sit perspi","pending","2022-09-16T07:38:52.000000Z","2022-10-31T06:35:36.000000Z","",""
"193","FUN/JOB/IND/00000133","93","","","10","Ea mollitia velit ex","individual","2022-09-16 11:40:10","Doloremque quibusdam","pending","2022-09-16T07:40:20.000000Z","2022-10-31T06:35:36.000000Z","",""
"198","FUN/JOB/IND/00000138","93","","","8","Consequat Quam nesc","individual","2022-09-29 11:20:17","Ut et dolorem aut co","pending","2022-09-28T07:20:26.000000Z","2022-10-31T06:35:36.000000Z","",""
"199","FUN/JOB/IND/00000139","93","","","8","Consequat Quam nesc","individual","2022-09-29 11:20:17","Ut et dolorem aut co","pending","2022-09-28T07:20:27.000000Z","2022-10-31T06:35:36.000000Z","",""
"200","FUN/JOB/IND/00000140","93","","","8","Consequat Quam nesc","individual","2022-09-29 11:20:17","Ut et dolorem aut co","pending","2022-09-28T07:20:28.000000Z","2022-10-31T06:35:36.000000Z","",""
"201","FUN/JOB/IND/00000141","93","","","9","Duis omnis qui nulla","individual","2022-09-29 11:25:58","Tenetur dolor numqua","pending","2022-09-28T07:26:12.000000Z","2022-10-31T06:35:36.000000Z","",""
"212","FUN/JOB/IND/00000142","93","","","7","Facere fugiat numqua","individual","2022-09-30 09:56:57","Itaque est sed et no","pending","2022-09-29T05:57:24.000000Z","2022-10-31T06:35:36.000000Z","",""
"252","FUN/JOB/IND/00000150","93","","","6","Eligendi sapiente et","individual","2022-10-07 09:31:34","I want the hedgehog","pending","2022-10-06T05:32:32.000000Z","2022-10-31T06:35:36.000000Z","",""
"253","FUN/JOB/IND/00000151","93","","","9","Sed asperiores volup","individual","2022-10-06 09:35:17","Minus perferendis ve","pending","2022-10-06T05:35:45.000000Z","2022-10-31T06:35:36.000000Z","",""
"254","FUN/JOB/IND/00000152","93","","","6","Sint ullam qui et du","individual","2022-10-08 22:29:39","Quia et recusandae","pending","2022-10-07T18:29:51.000000Z","2022-10-31T06:35:36.000000Z","",""
"271","FUN/JOB/IND/00000169","93","","","7","Dolorem doloremque q","individual","2022-10-14 13:12:18","Fuga Quis do saepe","pending","2022-10-12T09:13:17.000000Z","2022-10-31T06:35:36.000000Z","",""
"272","FUN/JOB/IND/00000170","93","","","7","Quasi ipsum ipsum","individual","2022-10-13 13:13:28","Quis aute commodi en","pending","2022-10-12T09:13:46.000000Z","2022-10-31T06:35:36.000000Z","",""
"273","FUN/JOB/IND/00000171","93","","","7","Quasi ipsum ipsum","individual","2022-10-13 13:13:28","Quis aute commodi en","pending","2022-10-12T09:13:47.000000Z","2022-10-31T06:35:36.000000Z","",""
"297","FUN/JOB/IND/00000195","57","","","9","Reata Apartments","individual","2022-10-13 09:19:24","job stuff","pending","2022-10-13T03:19:37.000000Z","2022-10-31T06:35:37.000000Z","",""
"298","FUN/JOB/BUS/00000080","57","","","10","48495","business","2022-10-13 09:20:06","business type","pending","2022-10-13T03:20:21.000000Z","2022-10-31T06:35:37.000000Z","Ivy Nzioka","254757109037"
"299","FUN/JOB/BUS/00000081","57","","","10","48495","business","2022-10-13 09:20:06","business type","pending","2022-10-13T03:20:25.000000Z","2022-10-31T06:35:37.000000Z","Ivy Nzioka","254757109037"
"300","FUN/JOB/IND/00000196","93","","","8","Natus illo nostrud v","individual","2022-10-13 09:12:12","Saepe porro totam co","pending","2022-10-13T05:12:31.000000Z","2022-10-31T06:35:37.000000Z","",""
"309","FUN/JOB/IND/00000199","57","","","32","Reata Apartments","individual","2022-10-14 20:13:42","job testing","pending","2022-10-14T14:14:00.000000Z","2022-10-31T06:35:37.000000Z","",""
"318","FUN/JOB/BUS/00000091","57","","3","11","48495","business","2022-10-18 20:12:58","job request","pending","2022-10-18T14:13:15.000000Z","2022-10-31T06:35:37.000000Z","Ivy Nzioka","254789030604"
"319","FUN/JOB/BUS/00000092","93","","1","8","Facere facilis cillu","business","2022-10-19 15:22:27","Qui iusto quos illum","accepted","2022-10-19T11:22:48.000000Z","2022-11-15T09:23:55.000000Z","Larissa Dawson","254701716482"
"320","FUN/JOB/BUS/00000093","93","","1","8","Facere facilis cillu","business","2022-10-19 15:22:27","Qui iusto quos illum","accepted","2022-10-19T11:22:54.000000Z","2022-10-31T06:35:37.000000Z","Larissa Dawson","254701716482"
"321","FUN/JOB/BUS/00000094","93","","1","11","Et minus ad ipsa ex","business","2022-10-19 15:23:03","Hic iure neque labor","pending","2022-10-19T11:23:13.000000Z","2022-10-31T06:35:37.000000Z","Melodie Macias","254701526830"
"322","FUN/JOB/BUS/00000095","93","","1","11","Et minus ad ipsa ex","business","2022-10-19 15:23:03","Hic iure neque labor","pending","2022-10-19T11:23:16.000000Z","2022-10-31T06:35:37.000000Z","Melodie Macias","254701526830"
"323","FUN/JOB/BUS/00000096","93","","1","12","Cum eveniet id obc","business","2022-10-19 15:27:38","Error qui sit labore","pending","2022-10-19T11:28:00.000000Z","2022-10-31T06:35:37.000000Z","Cassidy Jennings","254701451212"
"324","FUN/JOB/BUS/00000097","93","","1","9","Ipsum voluptatum vol","business","2022-10-20 00:00:00","Esse ipsum ipsum e","pending","2022-10-19T12:26:27.000000Z","2022-10-31T06:35:37.000000Z","Kessie Tucker","254701392780"
"325","FUN/JOB/IND/00000205","93","395","1","10","Autem reprehenderit","individual","2022-10-21 16:26:44","Non et ut laudantium","accepted","2022-10-19T12:27:41.000000Z","2022-11-28T10:19:18.000000Z","",""
"326","FUN/JOB/IND/00000206","93","","3","18","Qui harum nihil ad q","individual","2022-10-27 16:26:44","Minus excepturi eum","pending","2022-10-19T12:27:42.000000Z","2022-10-31T06:35:37.000000Z","",""
"346","FUN/JOB/IND/00000222","93","","3","80","cgvdsd syogvhb dsybsc","individual","2022-10-31 16:56:15","Testing testing testing","pending","2022-10-31T12:58:15.000000Z","2022-10-31T12:58:15.000000Z","",""
"359","FUN/JOB/IND/00000234","57","","1","9","Reata Apartments","individual","2022-11-17 13:16:54","job requests","pending","2022-11-17T07:18:17.000000Z","2022-11-17T07:18:17.000000Z","",""
"373","FUN/JOB/IND/00000248","93","198","2","9","hdhjbzc@sdvbhsv.xse","individual","2022-11-24 12:56:53","Testing picture and other uploads","accepted","2022-11-24T08:57:40.000000Z","2022-12-01T06:24:14.000000Z","",""
"375","FUN/JOB/IND/00000250","93","395","5","15","jj nfgjmnf gfofm njml","individual","2022-11-24 16:57:24","hONESTLY, JUST a tester at work,SVK ESJNMm dfjdfm","accepted","2022-11-24T13:01:12.000000Z","2023-07-05T14:01:32.000000Z","",""
"376","FUN/JOB/IND/00000251","381","395","8","12","Nairobi","individual","2022-11-28 11:22:16","fix car","accepted","2022-11-28T07:22:47.000000Z","2022-11-30T14:22:39.000000Z","",""
"377","FUN/JOB/IND/00000252","93","","3","8","hdhjbzc@sdvbhsv.xse","individual","2022-11-29 13:05:48","Fjdb","pending","2022-11-28T09:06:08.000000Z","2022-11-28T09:06:08.000000Z","",""
"378","FUN/JOB/IND/00000253","93","","2","8","Gyu ygg","individual","2022-12-22 13:14:20","Fgv hhnff","pending","2022-11-28T09:15:41.000000Z","2022-11-28T09:15:41.000000Z","",""
"379","FUN/JOB/IND/00000254","381","414","8","12","Nairobi","individual","2022-12-08 13:34:29","Fix car","accepted","2022-11-28T09:35:25.000000Z","2022-11-30T11:05:19.000000Z","",""
"380","FUN/JOB/IND/00000255","93","186","4","7","Gyu ygg","individual","2022-11-30 12:01:56","xc xvc","accepted","2022-11-29T08:02:21.000000Z","2022-11-30T11:02:32.000000Z","",""
"381","FUN/JOB/IND/00000256","93","395","3","9","as n","individual","2022-11-30 00:00:00","sdjn dvj,n","accepted","2022-11-29T08:19:55.000000Z","2022-11-30T11:02:16.000000Z","",""
"382","FUN/JOB/IND/00000257","412","414","1","8","Nairobi","individual","2022-11-30 15:07:29","fix","accepted","2022-11-30T11:07:45.000000Z","2022-11-30T11:08:15.000000Z","",""
"383","FUN/JOB/IND/00000258","412","414","1","8","Nairobi","individual","2022-11-30 15:17:51","fix","accepted","2022-11-30T11:18:06.000000Z","2022-11-30T11:18:30.000000Z","",""
"384","FUN/JOB/IND/00000259","412","414","1","8","Nairobi","individual","2022-11-30 15:23:58","fix","accepted","2022-11-30T11:33:39.000000Z","2022-11-30T11:33:54.000000Z","",""
"385","FUN/JOB/IND/00000260","412","414","1","8","Nairobi","individual","2022-11-30 18:11:34","fix","accepted","2022-11-30T14:12:06.000000Z","2022-11-30T14:13:22.000000Z","",""
"386","FUN/JOB/IND/00000261","381","395","1","8","Nairobi","individual","2022-11-30 18:15:52","fix","accepted","2022-11-30T14:16:13.000000Z","2022-11-30T14:23:53.000000Z","",""
"387","FUN/JOB/IND/00000262","381","395","1","8","Nairobi","individual","2022-12-01 09:06:25","fix","accepted","2022-12-01T05:06:40.000000Z","2022-12-01T05:07:10.000000Z","",""
"388","FUN/JOB/IND/00000263","396","395","1","8","Nairobi","individual","2022-12-01 13:50:22","fix","accepted","2022-12-01T09:50:33.000000Z","2022-12-01T09:51:46.000000Z","",""
"389","FUN/JOB/IND/00000264","381","395","1","8","Nairobi","individual","2022-12-02 10:37:25","fix","accepted","2022-12-02T06:37:37.000000Z","2022-12-02T06:37:56.000000Z","",""
"390","FUN/JOB/IND/00000265","93","","5","8","lnnnnnnn","individual","2022-12-13 22:04:52","klnj","pending","2022-12-04T18:06:00.000000Z","2022-12-04T18:06:00.000000Z","",""
"391","FUN/JOB/IND/00000266","93","","2","11","jj nfgjmnf gfofm njml","individual","2016-10-17 22:14:56","vdsfbdmdbfxxc","pending","2022-12-04T18:23:21.000000Z","2022-12-04T18:23:21.000000Z","",""
"392","FUN/JOB/IND/00000267","93","","6","4","Gghgbb","individual","2022-12-21 00:00:00","Gg gh jkk","pending","2022-12-04T18:25:06.000000Z","2022-12-04T18:25:06.000000Z","",""
"393","FUN/JOB/IND/00000268","93","395","1","1","Testing the iPhone schedule","individual","2022-12-13 00:00:00","Working well i guess","accepted","2022-12-04T18:26:49.000000Z","2023-07-05T14:01:23.000000Z","",""
"394","FUN/JOB/IND/00000269","93","395","5","1","Somewhere in naija","individual","2022-12-27 22:26:16","Testing the schedule from a PC browser","accepted","2022-12-04T18:27:32.000000Z","2023-07-05T12:07:45.000000Z","",""
"396","FUN/JOB/IND/00000271","381","395","1","6","Nairobi","individual","2022-12-05 11:15:12","Fix","accepted","2022-12-05T07:15:27.000000Z","2022-12-07T12:43:35.000000Z","",""
"397","FUN/JOB/IND/00000272","381","395","1","8","Nairobi","individual","2022-12-08 00:00:00","Fix","accepted","2022-12-05T13:04:30.000000Z","2023-01-04T15:19:00.000000Z","",""
"398","FUN/JOB/IND/00000273","381","395","1","6","Nairobi","individual","2022-12-14 00:00:00","Fix","closed","2022-12-05T13:05:24.000000Z","2024-06-11T11:08:36.000000Z","",""
"399","FUN/JOB/IND/00000274","381","395","1","8","Nairobi","individual","2023-01-03 00:00:00","Fix","accepted","2022-12-05T13:06:00.000000Z","2023-01-04T09:00:18.000000Z","",""
"400","FUN/JOB/IND/00000275","93","","3","8","hdhjbzc@sdvbhsv.xse","individual","2022-12-07 14:12:50","sdsd","pending","2022-12-07T10:13:08.000000Z","2022-12-07T10:13:08.000000Z","",""
"401","FUN/JOB/IND/00000276","381","395","1","8","Nairobi","individual","2022-12-07 16:54:10","fix","closed","2022-12-07T12:54:25.000000Z","2024-06-11T11:07:41.000000Z","",""
"402","FUN/JOB/IND/00000277","515","","3","11","Nairobi","individual","2022-12-14 00:00:00","Broken pipe","pending","2022-12-07T23:48:32.000000Z","2022-12-07T23:48:32.000000Z","",""
"403","FUN/JOB/BUS/00000098","93","395","2","15","dffv iemgd","business","2022-12-08 10:45:21","df bfdjnv check","accepted","2022-12-08T06:45:45.000000Z","2023-05-23T11:58:03.000000Z","qw qwwqwq","254770032033"
"404","FUN/JOB/BUS/00000099","93","","2","12","Trial and confirmation","business","2022-12-08 10:48:32","Ok, this should work well. Tap is broken","pending","2022-12-08T06:49:15.000000Z","2022-12-08T06:49:15.000000Z","bhs dsbh","254700000000"
"405","FUN/JOB/IND/00000278","522","521","4","19","Reata Apartments","individual","2022-12-15 10:11:59","Want a table built","closed","2022-12-15T04:12:26.000000Z","2023-05-31T05:14:51.000000Z","",""
"406","FUN/JOB/IND/00000279","522","523","1","8","Reata Apartments","individual","2022-12-15 20:28:52","fix my microwave","closed","2022-12-15T14:29:09.000000Z","2023-05-31T05:11:27.000000Z","",""
"407","FUN/JOB/IND/00000280","93","","4","6","ds d","individual","2022-12-15 22:42:29","gv    bj  ghb vghb","pending","2022-12-15T18:42:48.000000Z","2022-12-15T18:42:48.000000Z","",""
"408","FUN/JOB/IND/00000281","93","","6","4","csab","individual","2022-12-15 22:43:11","cdshbzcds cdashb","pending","2022-12-15T18:44:12.000000Z","2022-12-15T18:44:12.000000Z","",""
"409","FUN/JOB/IND/00000282","93","","10","2","as n","individual","2022-12-15 22:44:34","bb bhn mbnm bhj","pending","2022-12-15T18:44:53.000000Z","2022-12-15T18:44:53.000000Z","",""
"410","FUN/JOB/IND/00000283","93","","10","1","jj nfgjmnf gfofm njml","individual","2022-12-15 22:45:06","b hb b hjb","pending","2022-12-15T18:45:23.000000Z","2022-12-15T18:45:23.000000Z","",""
"411","FUN/JOB/IND/00000284","93","","3","4","jj nfgjmnf gfofm njml","individual","2022-12-16 14:50:21","dsv xcvsd","cancel","2022-12-16T10:51:02.000000Z","2023-01-04T15:56:59.000000Z","",""
"412","FUN/JOB/IND/00000285","93","395","2","1","jj nfgjmnf gfofm njml","individual","2023-01-20 16:52:21","fbssbd","accepted","2022-12-16T10:51:02.000000Z","2023-04-18T14:05:05.000000Z","",""
"413","FUN/JOB/IND/00000286","381","395","1","6","Nairobi","individual","2022-12-19 10:33:29","fix","accepted","2022-12-19T06:33:36.000000Z","2022-12-19T06:33:54.000000Z","",""
"414","FUN/JOB/IND/00000287","381","395","3","7","Nairobi","individual","2022-12-22 13:52:13","fix","accepted","2022-12-22T09:52:22.000000Z","2023-05-31T15:23:25.000000Z","",""
"415","FUN/JOB/IND/00000288","527","","1","31","Reata Apartments","individual","2023-01-04 11:00:24","I need to fix my broken wiring system","pending","2023-01-03T08:02:45.000000Z","2023-01-03T08:02:45.000000Z","",""
"416","FUN/JOB/IND/00000289","381","540","4","62","Nairobi","individual","2023-01-04 09:49:59","fix wardrobe","accepted","2023-01-04T08:50:40.000000Z","2023-01-05T13:50:33.000000Z","",""
"417","FUN/JOB/IND/00000290","381","395","8","8","Nairobi","individual","2023-01-05 00:00:00","Fix car","accepted","2023-01-04T08:53:07.000000Z","2023-01-04T09:00:09.000000Z","",""
"418","FUN/JOB/IND/00000291","532","395","1","6","Nairobi","individual","2023-01-04 18:39:53","fix light","accepted","2023-01-04T17:40:32.000000Z","2023-01-04T17:41:34.000000Z","",""
"419","FUN/JOB/IND/00000292","532","395","1","8","Nairobi","individual","2023-01-04 18:56:28","fix","accepted","2023-01-04T17:56:42.000000Z","2023-01-05T17:15:13.000000Z","",""
"420","FUN/JOB/IND/00000293","381","540","4","8","Nairobi","individual","2023-01-05 14:52:33","fix","accepted","2023-01-05T13:52:52.000000Z","2023-01-05T14:14:42.000000Z","",""
"421","FUN/JOB/IND/00000294","381","540","4","8","Nairobi","individual","2023-01-05 15:19:16","fix","accepted","2023-01-05T14:19:33.000000Z","2023-01-05T14:20:31.000000Z","",""
"422","FUN/JOB/IND/00000295","381","540","4","8","Nairobi","individual","2023-01-06 15:24:22","fix","accepted","2023-01-05T14:24:47.000000Z","2023-01-05T14:25:04.000000Z","",""
"423","FUN/JOB/IND/00000296","381","540","4","8","Nairobi","individual","2023-01-07 00:00:00","Fix","accepted","2023-01-05T14:38:31.000000Z","2023-01-05T14:39:02.000000Z","",""
"424","FUN/JOB/IND/00000297","381","540","4","8","Lakeview","individual","2023-01-09 00:00:00","Fix","accepted","2023-01-05T14:40:13.000000Z","2023-01-05T14:40:28.000000Z","",""
"425","FUN/JOB/BUS/00000100","381","395","1","8","Nairobi","business","2023-01-06 18:19:20","fix","accepted","2023-01-05T17:21:17.000000Z","2023-01-05T17:22:28.000000Z","Bidemi","254708963254"
"426","FUN/JOB/IND/00000298","381","395","1","8","Nairobi","individual","2023-01-09 18:27:13","fix","accepted","2023-01-05T17:27:40.000000Z","2023-01-05T17:27:58.000000Z","",""
"427","FUN/JOB/IND/00000299","381","395","1","8","Nairobi","individual","2023-01-06 18:42:31","fix","accepted","2023-01-05T17:42:56.000000Z","2023-01-23T16:44:24.000000Z","",""
"428","FUN/JOB/BUS/00000101","381","395","1","8","Nairobi","business","2023-01-09 18:44:01","fix","accepted","2023-01-05T17:44:37.000000Z","2023-01-05T17:45:02.000000Z","Bidemi","254708963245"
"429","FUN/JOB/IND/00000300","381","395","1","8","Nairobi","individual","2023-01-09 09:49:09","fix","accepted","2023-01-06T08:49:36.000000Z","2023-01-06T08:49:49.000000Z","",""
"430","FUN/JOB/IND/00000301","381","395","1","6","Nairobi","individual","2023-01-09 13:44:35","fix","accepted","2023-01-09T12:44:55.000000Z","2023-01-20T11:06:08.000000Z","",""
"431","FUN/JOB/IND/00000302","543","395","1","8","Nairobi","individual","2023-01-12 10:36:36","fix","accepted","2023-01-10T09:37:42.000000Z","2023-01-10T09:42:26.000000Z","",""
"432","FUN/JOB/BUS/00000102","543","395","1","6","Nairobi","business","2023-01-10 10:37:55","fix","accepted","2023-01-10T09:41:01.000000Z","2023-01-10T09:42:22.000000Z","Bidemi","254708963241"
"433","FUN/JOB/IND/00000303","93","","4","9","njv ddffd","individual","2023-07-11 09:35:59",",lvs vsmksd","pending","2023-01-10T16:24:21.000000Z","2023-07-03T08:36:04.000000Z","",""
"434","FUN/JOB/IND/00000304","381","395","1","6","Nairobi","individual","2023-01-20 10:31:31","fix","closed","2023-01-20T09:31:47.000000Z","2024-06-11T11:05:04.000000Z","",""
"435","FUN/JOB/IND/00000305","381","395","1","6","Nairobi","individual","2023-01-20 12:06:26","fix","accepted","2023-01-20T11:06:39.000000Z","2023-01-20T11:06:55.000000Z","",""
"436","FUN/JOB/IND/00000306","381","395","1","6","Nairobi","individual","2023-01-20 17:11:56","fix","accepted","2023-01-20T16:12:10.000000Z","2023-01-23T16:42:04.000000Z","",""
"437","FUN/JOB/IND/00000307","381","395","1","6","Nairobi","individual","2023-01-20 21:19:22","fix cutout","accepted","2023-01-20T19:34:09.000000Z","2023-01-20T20:19:24.000000Z","",""
"438","FUN/JOB/BUS/00000103","381","395","1","6","Nairobi","business","2023-01-20 20:34:24","repair cut out","closed","2023-01-20T19:35:09.000000Z","2024-06-11T11:03:01.000000Z","Bidemi","254708963242"
"439","FUN/JOB/BUS/00000104","381","395","8","6","Nairobi","business","2023-01-24 11:58:27","fix","accepted","2023-01-24T10:55:58.000000Z","2023-01-24T10:58:26.000000Z","Bidemi","254708946324"
"440","FUN/JOB/IND/00000308","381","395","1","6","Nairobi","individual","2023-02-01 12:42:09","fix","accepted","2023-01-27T10:50:24.000000Z","2023-04-04T15:38:30.000000Z","",""
"441","FUN/JOB/IND/00000309","381","395","1","6","Nairobi","individual","2023-02-01 00:00:00","fix","accepted","2023-02-01T08:37:14.000000Z","2023-02-01T11:58:00.000000Z","",""
"442","FUN/JOB/IND/00000310","381","395","1","6","Nairobi","individual","2023-02-02 00:00:00","Fix","closed","2023-02-01T11:35:18.000000Z","2024-06-11T10:59:09.000000Z","",""
"443","FUN/JOB/IND/00000311","381","","8","6","Nairobi","individual","2023-02-02 00:00:00","Fix","pending","2023-02-01T14:00:23.000000Z","2023-02-01T14:00:23.000000Z","",""
"444","FUN/JOB/IND/00000312","381","","8","82","Mumbai","individual","2023-02-03 00:00:00","Fix","pending","2023-02-01T14:01:08.000000Z","2023-02-01T14:01:08.000000Z","",""
"445","FUN/JOB/BUS/00000105","381","395","1","6","Mumbai","business","2023-02-03 00:00:00","Fix","accepted","2023-02-01T14:02:10.000000Z","2023-03-24T10:20:15.000000Z","Fundis","254741258963"
"446","FUN/JOB/IND/00000313","381","395","8","6","Nairobi","individual","2023-02-01 17:36:46","fix","closed","2023-02-01T16:36:55.000000Z","2024-06-11T10:57:50.000000Z","",""
"447","FUN/JOB/IND/00000314","381","395","1","6","Nairobi","individual","2023-02-01 17:40:19","Fix","accepted","2023-02-01T16:40:26.000000Z","2023-02-13T13:25:28.000000Z","",""
"448","FUN/JOB/IND/00000315","381","395","1","6","Nairobi","individual","2023-02-06 00:00:00","Fix","accepted","2023-02-05T19:23:14.000000Z","2023-02-05T22:31:47.000000Z","",""
"449","FUN/JOB/IND/00000316","381","414","1","6","Nairobi","individual","2023-02-06 00:00:00","Work","accepted","2023-02-05T21:14:07.000000Z","2023-02-05T22:27:35.000000Z","",""
"450","FUN/JOB/BUS/00000106","381","395","1","6","Nairobi","business","2023-02-06 22:15:35","work","closed","2023-02-05T21:16:10.000000Z","2024-06-11T10:55:43.000000Z","Customer","254708963245"
"451","FUN/JOB/IND/00000317","381","395","1","6","Nairobi","individual","2023-02-09 12:01:44","material","accepted","2023-02-08T10:59:29.000000Z","2023-02-09T11:01:36.000000Z","",""
"452","FUN/JOB/BUS/00000107","620","395","1","8","Nairobi","business","2023-02-09 17:07:56","material replace","accepted","2023-02-09T16:08:23.000000Z","2023-02-09T16:12:40.000000Z","Bidemi","254708956324"
"453","FUN/JOB/IND/00000318","620","395","8","32","Nairobi","individual","2023-02-09 17:16:44","fix","accepted","2023-02-09T16:17:13.000000Z","2023-02-13T10:53:47.000000Z","",""
"454","FUN/JOB/BUS/00000108","381","395","8","8","Nairobi","business","2023-02-13 12:36:38","equipment","accepted","2023-02-13T11:37:17.000000Z","2023-02-13T11:38:00.000000Z","Customer","254708962324"
"455","FUN/JOB/IND/00000319","381","634","5","9","Nairobi","individual","2023-02-13 13:46:49","work","closed","2023-02-13T12:47:09.000000Z","2024-06-11T10:54:46.000000Z","",""
"456","FUN/JOB/IND/00000320","381","634","4","71","Nairobi","individual","2023-02-13 14:33:49","fix","accepted","2023-02-13T13:34:53.000000Z","2023-02-13T13:35:07.000000Z","",""
"457","FUN/JOB/IND/00000321","381","634","4","9","Nairobi","individual","2023-02-13 14:56:11","work","accepted","2023-02-13T13:56:28.000000Z","2023-02-13T13:57:48.000000Z","",""
"458","FUN/JOB/IND/00000322","381","634","4","12","Nairobi","individual","2023-02-13 14:56:57","work","accepted","2023-02-13T13:57:37.000000Z","2023-02-13T13:57:44.000000Z","",""
"459","FUN/JOB/IND/00000323","381","482","6","64","Nairobi","individual","2023-02-14 10:20:56","weld","accepted","2023-02-14T09:21:14.000000Z","2023-02-14T09:26:22.000000Z","",""
"460","FUN/JOB/IND/00000324","381","482","10","60","Nairobi","individual","2023-02-14 10:21:58","works","accepted","2023-02-14T09:22:29.000000Z","2023-02-14T09:36:18.000000Z","",""
"461","FUN/JOB/IND/00000325","381","634","6","62","Nairobi","individual","2023-02-14 10:26:29","weld pump","accepted","2023-02-14T09:27:41.000000Z","2023-02-14T09:34:40.000000Z","",""
"462","FUN/JOB/IND/00000326","642","","4","5","csdjns dfnjv vfjdn","individual","2023-02-15 09:10:48","Repair my house furnitures","pending","2023-02-15T08:11:23.000000Z","2023-02-15T08:11:23.000000Z","",""
"463","FUN/JOB/IND/00000327","381","","1","2","Iste irure fugit mi","individual","2023-03-04 00:00:00","Exercitation velit q","pending","2023-03-01T17:32:53.000000Z","2023-03-01T17:32:53.000000Z","",""
"464","FUN/JOB/IND/00000328","381","395","3","6","Nairobi","individual","2023-03-02 16:49:11","pipe repair","accepted","2023-03-02T15:49:31.000000Z","2023-03-24T10:22:08.000000Z","",""
"465","FUN/JOB/IND/00000329","381","","5","9","Nairobi","individual","2023-03-06 19:54:04","paint wall","pending","2023-03-06T18:54:29.000000Z","2023-03-06T18:54:29.000000Z","",""
"466","FUN/JOB/BUS/00000109","381","","4","8","Nairobi","business","2024-08-06 15:13:07","wardrobe","cancel","2023-03-06T18:56:13.000000Z","2024-08-05T14:13:19.000000Z","Korede","254147856321"
"467","FUN/JOB/IND/00000330","694","","1","8","Nairobi","individual","2023-03-10 16:05:08","fix","pending","2023-03-10T15:05:17.000000Z","2023-03-10T15:05:17.000000Z","",""
"468","FUN/JOB/IND/00000331","694","","4","3","Nairobi","individual","2023-03-12 09:53:40","funiture","pending","2023-03-12T08:54:14.000000Z","2023-03-12T08:54:14.000000Z","",""
"469","FUN/JOB/IND/00000332","694","395","3","6","Nairobi","individual","2023-03-12 10:02:03","plumber","accepted","2023-03-12T09:02:14.000000Z","2023-03-13T15:40:36.000000Z","",""
"470","FUN/JOB/IND/00000333","694","395","2","1","Nairobi","individual","2023-03-12 10:03:02","fix","accepted","2023-03-12T09:03:14.000000Z","2023-03-12T09:03:34.000000Z","",""
"471","FUN/JOB/IND/00000334","697","395","1","1","testing","individual","2023-03-16 08:39:07","testing","accepted","2023-03-16T06:39:43.000000Z","2023-03-20T14:27:32.000000Z","",""
"472","FUN/JOB/IND/00000335","522","","2","1","testing","individual","2023-03-16 08:46:41","job descriptions","cancel","2023-03-16T06:46:59.000000Z","2023-03-16T06:48:34.000000Z","",""
"474","FUN/JOB/IND/00000337","381","395","10","3","Nairobi","individual","2023-05-24 07:44:10","Building","accepted","2023-05-24T06:44:35.000000Z","2023-06-20T18:10:34.000000Z","",""
"475","FUN/JOB/IND/00000338","381","395","1","6","Nairobi","individual","2023-05-27 19:47:19","fix","closed","2023-05-27T18:47:36.000000Z","2023-05-30T14:50:58.000000Z","",""
"476","FUN/JOB/IND/00000339","381","395","1","6","Nairobi","individual","2023-05-30 16:35:07","fix","closed","2023-05-30T15:35:24.000000Z","2023-05-30T15:38:59.000000Z","",""
"477","FUN/JOB/IND/00000340","381","395","1","6","Nairobi","individual","2023-05-30 16:59:38","fix","accepted","2023-05-30T15:59:57.000000Z","2023-05-30T16:00:25.000000Z","",""
"478","FUN/JOB/IND/00000341","381","395","1","6","Nairobi","individual","2023-05-30 19:16:22","fix","accepted","2023-05-30T18:16:38.000000Z","2023-05-30T18:36:53.000000Z","",""
"479","FUN/JOB/IND/00000342","381","395","3","7","Nairobi","individual","2023-05-30 19:16:55","fix water pump","accepted","2023-05-30T18:17:27.000000Z","2023-05-30T18:38:31.000000Z","",""
"480","FUN/JOB/IND/00000343","381","395","1","6","Nairobi","individual","2023-06-07 15:44:38","fix","accepted","2023-06-07T14:44:52.000000Z","2023-06-07T14:45:16.000000Z","",""
"481","FUN/JOB/IND/00000344","381","395","1","6","Nairobi","individual","2023-06-15 13:06:01","Kindly fix my electrical work","accepted","2023-06-15T12:06:35.000000Z","2023-06-15T12:09:04.000000Z","",""
"482","FUN/JOB/IND/00000345","381","395","1","6","Nairobi","individual","2023-06-29 17:41:18","repair","closed","2023-06-29T16:41:37.000000Z","2024-06-11T10:48:51.000000Z","",""
"483","FUN/JOB/IND/00000346","381","395","1","6","Nairobi","individual","2023-07-02 19:40:03","fix","closed","2023-07-02T18:40:20.000000Z","2023-07-03T16:26:03.000000Z","",""
"484","FUN/JOB/IND/00000347","622","89","1","1","kkk adress","individual","2023-07-03 13:29:12","lkjnbhgu","accepted","2023-07-03T10:29:23.000000Z","2023-07-03T10:30:11.000000Z","",""
"485","FUN/JOB/IND/00000348","622","","1","1","kkk adress","individual","2023-08-09 13:00:45","oiubhikj","pending","2023-08-09T10:13:43.000000Z","2023-08-09T10:13:43.000000Z","",""
"486","FUN/JOB/IND/00000349","93","","4","2","Ullam deleniti ullam","individual","2023-08-16 17:40:08","Delectus ipsum quo","pending","2023-08-16T16:45:55.000000Z","2023-08-16T16:45:55.000000Z","",""
"487","FUN/JOB/BUS/00000110","93","","5","6","Sed aliquam incidunt","business","2023-08-22 00:00:00","Incididunt sit maxim","pending","2023-08-16T19:35:01.000000Z","2023-08-16T19:35:01.000000Z","Donna Morgan","254701668794"
"488","FUN/JOB/IND/00000350","621","89","1","2","kkk adress","individual","2023-08-24 13:01:48","Job description testing","accepted","2023-08-24T10:03:06.000000Z","2023-08-24T10:04:31.000000Z","",""
"489","FUN/JOB/IND/00000351","621","89","1","2","kkk adress","individual","2023-08-30 15:44:20","hjyviu","accepted","2023-08-30T12:44:36.000000Z","2023-08-30T19:51:38.000000Z","",""
"490","FUN/JOB/IND/00000352","621","","6","2","Reata Apartments","individual","2023-09-05 18:00:23","description","cancel","2023-09-05T15:00:59.000000Z","2023-09-05T15:01:14.000000Z","",""
"491","FUN/JOB/IND/00000353","621","138","1","2","kkk adress","individual","2023-09-05 18:01:16","description job gh","accepted","2023-09-05T15:01:40.000000Z","2023-09-05T15:02:46.000000Z","",""
"492","FUN/JOB/IND/00000354","1107","","1","28","Kilimani","individual","2023-11-27 12:10:43","Plumbing","pending","2023-11-27T09:13:19.000000Z","2023-11-27T09:13:19.000000Z","",""
"493","FUN/JOB/IND/00000355","1110","","2","3","Nairobi","individual","2024-05-30 00:00:00","I want to fix my kitchen cabinet","pending","2024-05-20T15:42:39.000000Z","2024-05-20T15:42:39.000000Z","",""
"494","FUN/JOB/IND/00000356","381","","2","3","Nairobi","individual","2024-06-30 00:00:00","I want to fix my kitchen cabinet","pending","2024-06-24T11:34:56.000000Z","2024-06-24T11:34:56.000000Z","",""
"495","FUN/JOB/IND/00000357","381","","2","3","Nairobi","individual","2024-06-30 00:00:00","I want to fix my kitchen cabinet","pending","2024-06-24T11:36:05.000000Z","2024-06-24T11:36:05.000000Z","",""
"496","FUN/JOB/IND/00000358","381","","2","3","Nairobi","individual","2024-06-30 00:00:00","I want to fix my kitchen cabinet","pending","2024-06-24T11:36:39.000000Z","2024-06-24T11:36:39.000000Z","",""
"497","FUN/JOB/IND/00000359","381","","2","3","Nairobi","individual","2024-06-30 00:00:00","I want to fix my kitchen cabinet","pending","2024-06-24T14:21:35.000000Z","2024-06-24T14:21:35.000000Z","",""
"498","FUN/JOB/IND/00000360","381","","2","3","Nairobi","individual","2024-06-30 00:00:00","I want to fix my bathroom tap","pending","2024-06-24T14:21:35.000000Z","2024-06-24T14:21:35.000000Z","",""
"499","FUN/JOB/IND/00000361","381","","2","3","Nairobi","individual","2024-06-30 00:00:00","I want to fix my kitchen cabinet","pending","2024-06-24T14:26:13.000000Z","2024-06-24T14:26:13.000000Z","",""
"500","FUN/JOB/IND/00000362","381","","2","3","Nairobi","individual","2024-06-30 00:00:00","I want to fix my bathroom tap","pending","2024-06-24T14:26:13.000000Z","2024-06-24T14:26:13.000000Z","",""
"501","FUN/JOB/IND/00000363","381","","3","3","Nairobi","individual","2024-06-30 00:00:00","I want to fix my kitchen cabinet","pending","2024-06-24T14:52:21.000000Z","2024-06-24T14:52:21.000000Z","",""
"502","FUN/JOB/IND/00000364","381","","2","3","Nairobi","individual","2024-06-30 00:00:00","I want to fix my bathroom tap","pending","2024-06-24T14:52:21.000000Z","2024-06-24T14:52:21.000000Z","",""
"503","FUN/JOB/IND/00000365","381","","3","3","Nairobi","individual","2024-06-30 00:00:00","I want to fix my kitchen cabinet","pending","2024-06-24T14:53:31.000000Z","2024-06-24T14:53:31.000000Z","",""
"504","FUN/JOB/IND/00000366","381","","2","3","Nairobi","individual","2024-06-30 00:00:00","I want to fix my bathroom tap","pending","2024-06-24T14:53:31.000000Z","2024-06-24T14:53:31.000000Z","",""
"505","FUN/JOB/IND/00000367","381","","3","3","Nairobi","individual","2024-06-30 00:00:00","I want to fix my kitchen cabinet","pending","2024-06-24T15:29:13.000000Z","2024-06-24T15:29:13.000000Z","",""
"506","FUN/JOB/IND/00000368","381","","4","4","Nairobi","individual","2024-06-24 16:31:10","repair","pending","2024-06-24T15:31:41.000000Z","2024-06-24T15:31:41.000000Z","",""
"507","FUN/JOB/IND/00000369","381","","1","4","Nairobi","individual","2024-06-24 16:31:53","repair tap","pending","2024-06-24T15:32:17.000000Z","2024-06-24T15:32:17.000000Z","",""
"508","FUN/JOB/IND/00000370","381","","2","3","Nairobi","individual","2024-06-24 16:32:34","ghhghhjhjvhj","pending","2024-06-24T15:32:49.000000Z","2024-06-24T15:32:49.000000Z","",""
"509","FUN/JOB/IND/00000371","381","","3","3","Nairobi","individual","2024-06-30 00:00:00","I want to fix my kitchen cabinet","pending","2024-06-24T15:35:03.000000Z","2024-06-24T15:35:03.000000Z","",""
"510","FUN/JOB/IND/00000372","381","","3","3","Nairobi","individual","2024-06-30 00:00:00","I want to fix my kitchen cabinet","pending","2024-06-24T15:36:34.000000Z","2024-06-24T15:36:34.000000Z","",""
"511","FUN/JOB/IND/00000373","381","","3","3","Nairobi","individual","2024-06-30 00:00:00","I want to fix my kitchen cabinet","pending","2024-06-24T15:38:16.000000Z","2024-06-24T15:38:16.000000Z","",""
"512","FUN/JOB/IND/00000374","381","","3","3","Nairobi","individual","2024-06-30 00:00:00","I want to fix my kitchen cabinet","pending","2024-06-24T15:39:09.000000Z","2024-06-24T15:39:09.000000Z","",""
"513","FUN/JOB/IND/00000375","381","","3","3","Nairobi","individual","2024-06-30 00:00:00","I want to fix my kitchen cabinet","pending","2024-06-24T15:39:37.000000Z","2024-06-24T15:39:37.000000Z","",""
"514","FUN/JOB/IND/00000376","381","","3","3","Nairobi","individual","2024-06-30 00:00:00","I want to fix my kitchen cabinet","pending","2024-06-24T15:40:28.000000Z","2024-06-24T15:40:28.000000Z","",""
"515","FUN/JOB/IND/00000377","381","","3","3","Nairobi","individual","2024-06-30 00:00:00","I want to fix my kitchen cabinet","pending","2024-06-24T15:41:02.000000Z","2024-06-24T15:41:02.000000Z","",""
"516","FUN/JOB/IND/00000378","381","395","3","3","Nairobi","individual","2024-06-30 00:00:00","I want to fix my kitchen cabinet","accepted","2024-06-24T15:43:00.000000Z","2024-08-19T10:08:25.000000Z","",""
"517","FUN/JOB/IND/00000379","381","395","3","3","Nairobi","individual","2024-06-30 00:00:00","I want to fix my kitchen cabinet","closed","2024-06-24T16:01:32.000000Z","2024-08-28T12:03:39.000000Z","",""
"518","FUN/JOB/IND/00000380","381","395","3","3","Nairobi","individual","2024-06-30 00:00:00","I want to fix my kitchen cabinet","closed","2024-06-24T16:03:39.000000Z","2024-08-28T12:02:04.000000Z","",""
"519","FUN/JOB/IND/00000381","381","395","3","3","Nairobi","individual","2024-08-12 15:40:12","I want to fix my kitchen cabinet","accepted","2024-06-24T16:06:10.000000Z","2024-08-05T18:13:45.000000Z","",""
"520","FUN/JOB/IND/00000382","381","","3","3","Nairobi","individual","2024-07-30 00:00:00","I want to fix my kitchen cabinet","cancel","2024-07-01T14:13:47.000000Z","2024-08-05T14:23:16.000000Z","",""
"521","FUN/JOB/IND/00000383","381","","3","3","Nairobi","individual","2024-07-30 00:00:00","I want to fix my kitchen cabinet","cancel","2024-07-01T14:16:26.000000Z","2024-08-05T14:21:52.000000Z","",""
"522","FUN/JOB/IND/00000384","381","482","3","3","Nairobi","individual","2024-07-30 00:00:00","I want to fix my kitchen cabinet","accepted","2024-07-01T14:18:12.000000Z","2024-08-03T08:13:32.000000Z","",""
"523","FUN/JOB/IND/00000385","381","395","2","3","Nairobi","individual","2024-07-30 00:00:00","I want to fix my bathroom tap","accepted","2024-07-01T14:18:12.000000Z","2024-08-03T19:17:31.000000Z","",""
"524","FUN/JOB/IND/00000386","1199","","12","29","0716680068","individual","2024-07-29 08:43:36","I need a job am a mason plaster","pending","2024-07-29T05:47:13.000000Z","2024-07-29T05:47:13.000000Z","",""
"525","FUN/JOB/IND/00000387","381","","3","3","Nairobi","individual","2024-08-30 00:00:00","I want to fix my kitchen cabinet","pending","2024-08-19T18:04:00.000000Z","2024-08-19T18:04:00.000000Z","",""
"526","FUN/JOB/IND/00000388","381","","3","3","Nairobi","individual","2024-08-30 00:00:00","I want to fix my kitchen cabinet","pending","2024-08-19T18:04:21.000000Z","2024-08-19T18:04:21.000000Z","",""
"527","FUN/JOB/IND/00000389","381","","2","3","Nairobi","individual","2024-08-30 00:00:00","I want to fix my bathroom tap","pending","2024-08-19T18:04:21.000000Z","2024-08-19T18:04:21.000000Z","",""
"528","FUN/JOB/IND/00000390","381","","3","3","Nairobi","individual","2024-08-30 00:00:00","I want to fix my kitchen cabinet","pending","2024-08-19T18:17:44.000000Z","2024-08-19T18:17:44.000000Z","",""
